nombre,puntaje,calificaciones,promocion,precio,cupon,prime,envio
Productividad personal: Aprende a liberarte del estrés con GTD,4.5 de 5 estrellas,502,False,$169.00,False,False,Disponible al instante
Productividad personal en una semana,4.0 de 5 estrellas,105,False,$89.00,False,False,Disponible al instante
"Meryado set de manicura, juego de pedicura, juego de belleza personal profesional de acero inoxidable, 18 en 1 herramienta de cuidado de uñas, con maleta de cuero de lujo, para hombres y mujeres(Negro.)",4.1 de 5 estrellas,172,False,$159.00,False,False,Entrega GRATIS por Amazon
Cómo Ser Más Productivo (Getting Work Done Spanish Edition),4.1 de 5 estrellas,19,False,$188.74,False,False,Entrega GRATIS por Amazon
8 Hábitos para una vida más productiva: Método para aumentar tu productividad y tu desarrollo personal (Serie de Productividad Tu Business Coach nº 6),4.4 de 5 estrellas,"2,456",False,$0.00,False,False,Disponible al instante
"Asom - Juego de artículos de cambiador de viaje para mujer, accesorios de aseo para el cuidado personal, juego esencial de higiene para el bienestar, aprobado por la TSA, kit de accesorios de aseo transparente, 36 unidades, Claro, Handheld, Kit de artículos de cambiador para mujer",4.6 de 5 estrellas,15,False,"$1,166.58",False,True,"$1,107.85"
La magia del orden: Herramientas para ordenar tu casa... y tu vida,4.7 de 5 estrellas,"6,326",False,$183.20,False,False,Entrega GRATIS por Amazon
"Bolsa de Aseo, Kit de Organizador de Artículos de Tocador de Viaje Colgante con Gancho y Manija Bolsa de Cosméticos Dop para Hombres o Mujeres",4.6 de 5 estrellas,"1,103",True,$319.99,False,True,Envío GRATIS por Amazon México
YL TRD Bolsa de aseo para viaje colgante Organizador de higiene Dopp con gancho para accesorios de viaje Accesorios de baño Afeitado y maquillaje para hombres y mujeres (negro),4.5 de 5 estrellas,286,False,$167.00,True,False,Entrega GRATIS por Amazon
"Audaz, productivo y feliz. Una guía para conseguir objetivos increíbles y dominar tu vida personal y profes",4.7 de 5 estrellas,697,False,$169.00,False,False,Entrega GRATIS por Amazon
"Kit de botellas de viaje, 17pk a prueba de fugas viaje accesorios.kit de viaje con botella dispensadora de loción,botella de spray.Kit de viaje aseo personal apto para vacaciones y viaje de negocios",4.8 de 5 estrellas,19,False,$329.00,False,True,Envío GRATIS por Amazon México
Vicks Personal Sinus Steam Inhaler Face Steamer with Soft Face Mask,4.3 de 5 estrellas,"13,616",False,"$1,888.00",False,False,Envío GRATIS en pedidos elegibles
La Habilidad En El Trato Personal,4.6 de 5 estrellas,376,False,$212.35,False,True,Envío internacional GRATIS en pedidos mayores a $499 en productos internacionales elegibles
"Walfort | Kit de Viaje para Mujer. Incluye cepillo, pasta e hilo dental, shampoo y desodorante. Caja con 2 kits.",4.8 de 5 estrellas,16,False,$300.00,False,True,Envío GRATIS por Amazon México
"Walfort | Kit de Viaje para Hombre. Incluye cepillo, pasta e hilo dental, shampoo y desodorante. Caja con 2 kits.",4.6 de 5 estrellas,37,False,$300.00,False,True,Envío GRATIS por Amazon México
"Simplifica tu negocio: 60 días para aprender gestión, marketing, ventas, liderazgo y productividad personal",4.6 de 5 estrellas,62,False,$300.00,False,True,Envío GRATIS por Amazon México
"Neceser de viaje, paquete de 3 neceser translúcido mate con asa práctica para mujeres y hombres, neceser de maquillaje organizador de viaje para accesorios, artículos de tocador (Rosa)",4.7 de 5 estrellas,135,False,$299.00,True,True,Envío GRATIS por Amazon México
"PHOSPHORO® Manopla Negra de Defensa Personal Mujer. Teaser Defensa Personal practico, portatil e Ideal como Plan de Emergencia. Kit Resistente y ergonomico. Accesorios para Hombre de Self Defense.",4.4 de 5 estrellas,52,False,$249.99,False,False,Entrega GRATIS por Amazon
Vicks Nursery 1 Gallon Vaporizer with Night-Light,4.3 de 5 estrellas,41,True,$980.00,False,False,Envío GRATIS en pedidos elegibles
Assurant - 2 Años Cuidado Personal - Seguro de Daños accidentales $500 - $999.99,4.4 de 5 estrellas,428,False,$137.85,False,False,Envío GRATIS en pedidos elegibles
Kit de botellas de viaje. Juego de botellas de plástico rellenables para cosméticos y artículos de aseo. 9 piezas (6 frascos aprobados para avión y 3 herramientas para rellenar los recipientes),4.3 de 5 estrellas,31,False,$229.99,True,False,Entrega GRATIS por Amazon
"PG Algodon Plisado 25g, Pack of 1",4.8 de 5 estrellas,53,False,$90.24,False,False,$69.00 de envío
"Kit de botellas de viaje,Recipientes de viaje cosméticos aprobadas por la TSA,rellenables incluidos botellas de loción, botellas de rociado, botellas de flip-tap, tarros de crema (7 Pcs)",4.5 de 5 estrellas,72,False,$199.99,False,False,Entrega GRATIS por Amazon
"Trio Senana 24k Roll-on Perlas Serum Hidratación Antiojera Pure Gold Reduce las líneas de expresión, Anti-edad, Anti- arrugas, Rehidratante, Reafirmante, Contorno de ojos, Antioxidante, Rejuvenecedor para Mujeres y Hombres",4.2 de 5 estrellas,140,False,$279.00,False,False,Entrega GRATIS por Amazon
"100 toallas comprimidas, desechables portátiles de algodón comprimido para viajes, camping, senderismo, deportes, salón de belleza, toallitas de mano para el hogar",4.6 de 5 estrellas,48,False,$151.71,False,False,$150.17
"Holstein Housewares Miniwaffles personal/personalizable, revestimiento antiadherente, lavanda, gofres de 4 pulgadas en minutos, ideal para desayuno, almuerzo, almuerzo o aperitivos",4.6 de 5 estrellas,557,True,$278.00,False,False,Entrega GRATIS por Amazon
Garosa Ultrasonido Dispositivo de Repelente de Perros para Perros Luchador de Perros Perro Que Repele el Entrenador Herramienta Disuasiva,2.9 de 5 estrellas,67,False,$227.00,False,False,Entrega GRATIS por Amazon
Marca personal: cuando el producto eres tú: 5,4.4 de 5 estrellas,53,False,$204.02,False,True,Envío internacional GRATIS en pedidos mayores a $499 en productos internacionales elegibles
Productividad Personal: Descubre Cómo Transformar tu Vida y Lograr tus Objetivos. Crea una Estrategia para Alcanzar el Éxito,5.0 de 5 estrellas,1,False,$0.00,False,False,Disponible al instante
"PERSONAL CHILLER Mini refrigerador y calentador portátil, capacidad de 4 litros, seis latas de 12 onzas, aperitivos y productos para el cuidado de la piel, funcionamiento de aire acondicionado, 100% última intervensión de freón",3.8 de 5 estrellas,3,False,$963.35,False,True,$799.99
"Frigidaire EFMIS129-RED Mini Portable Compact Personal Fridge Cooler, 4 Liter Capacity Chills Six 12 oz Cans, 100% Freon-Free & Eco Friendly, Includes Plugs for Home Outlet & 12V Car Charger (Red)",4.5 de 5 estrellas,"8,804",True,$614.72,False,True,Envío internacional GRATIS
Productividad personal consciente: Un viaje hacia el equilibrio interior.,4.4 de 5 estrellas,60,False,$0.00,False,False,Disponible al instante
"ANNIEMOOM 11 Botellas de viaje, Travel bottles set contenedores para viaje a prueba fugas para shampoo, locion, crema solar, Accesorios de viaje aprobado por la TSA, recargable, reutilizable (Blanco)",4.3 de 5 estrellas,54,False,$199.00,False,False,Entrega GRATIS por Amazon
"QIUYMEI - Juego de 19 botellas de viaje, accesorios de viaje a prueba de fugas, recipientes de aseo recargables para lavado corporal,lociones, cuidado de la piel, productos de maquillaje con bolsa de cuarto de galón TSA",4.3 de 5 estrellas,230,False,$319.00,False,True,$103.68 de envío
"Barba kit cuidado, Kit para la Barba, Kit de Barba para Hombre, 12 en 1 Kit Cuidado Barba para el Barba Crecimiento, Regalo para Hombres Marido Padre",4.7 de 5 estrellas,66,True,$397.80,False,True,Envío GRATIS por Amazon México
Pulsera Acero Inoxidable Alerta Médica Grabado Láser Personalizado,4.4 de 5 estrellas,45,False,$499.00,False,False,Envío GRATIS en pedidos elegibles
Ensayo crítico sobre GTD®: Los veintidós puntos débiles del método de productividad personal creado por David Allen (Superando GTD® nº 1),4.6 de 5 estrellas,40,False,$0.00,False,False,Disponible al instante
"Lumin - Crema Facial Contorno de Ojos para Hombres | Tratamiento Antiarrugas disminuye las ojeras y combate los signos de envejecimieto: arrugas, lineas de expresión, hinchazón debajo de los ojos| Aceite de Flor de Rosa, Cafeína, Niacinamida y extracto de limón | 30 ml",4.2 de 5 estrellas,"2,238",False,$585.00,False,True,Envío GRATIS por Amazon México
Do One Thing Every Day That Makes You Happy: A Journal,4.6 de 5 estrellas,480,False,$238.86,False,False,$222.28
"Productividad: Lo que deberían haberle enseñado en la escuela sobre la fijación de metas, el manejo del tiempo, la autodisciplina, la postergación, los hábitos y la fortaleza mental: 3",,,False,$345.47,False,True,Envío internacional GRATIS en pedidos mayores a $499 en productos internacionales elegibles
"Skin care, kit de cuidado personal Bicolorana: espuma facial, suero facial buenos días, suero contorno de ojos, suero facial buenas noches",5.0 de 5 estrellas,1,False,"$1,300.00",False,False,Envío GRATIS en pedidos elegibles
Notsu Tarjetas de índice de lista de tareas arete de 3 x 5 pulgadas (paquete de 50) | Tarjetas de planificador de doble cara cuidadosamente diseñadas para productividad personal y organización profesional,4.6 de 5 estrellas,284,False,$437.64,False,False,Envío GRATIS en pedidos elegibles
Sable 3-en-1 Spray de Pimienta - Fuerza de policía Avanzada - tamaño Compacto con Clip,4.7 de 5 estrellas,"23,517",True,$310.58,False,True,Envío GRATIS por Amazon México
Kit Cand Clns NaturalSlim Frank Suárez (Sin libro),4.7 de 5 estrellas,27,False,"$1,770.00",False,True,Envío GRATIS por Amazon México
LUBRIDERM Crema Corporal Men Fragancia Ligera 400 ml,4.8 de 5 estrellas,"1,831",False,$92.50,False,False,Entrega GRATIS por Amazon
"TAIMEI 4 Pieces Color con Pasta Dura de A5 Piel Vegana con Separador y Seguro, Cuaderno de Notas con 320 Hojas de Raya,Libreta ejecutiva para Universidad u Oficina,Agenda Personal, Cuaderno",4.6 de 5 estrellas,72,False,$299.00,False,True,Envío GRATIS por Amazon México
"Curitas Desodorante para pies en Spray Fresh Active 2 en 1 DEO, con Octenidina que protege tus pies contra el mal olor por hasta 48 horas, 150 ml",4.8 de 5 estrellas,"1,682",False,$79.00,False,False,Entrega GRATIS por Amazon
"NATSUX Guantes Boxer de Acero sólido con Cuerda de unión, Manopla de Acero Defensa Personal, Manopla de Defensa Personal Hombre, Práctico y portátil, Ideal para la planificación de emergencias",5.0 de 5 estrellas,1,False,$249.99,False,False,Entrega GRATIS por Amazon
LumiSyne Bufandas De Seda Suave Para Mujer Bufandas a Cuadros Clásicas Arco Tartán De Color Bufandas Largas Chal De Playa Durante Toda La Temporada,4.4 de 5 estrellas,198,False,$341.99,False,False,Envío GRATIS en pedidos elegibles
LumiSyne Bufandas De Seda Para Mujer Estampado Floral Estilo Moda y Elegante Chal Largo y Suave Estolas Caliente Chal Protector Solar Toda La Temporada,4.6 de 5 estrellas,371,False,$341.99,False,False,Envío GRATIS en pedidos elegibles
LumiSyne Bufanda De Seda Mujer Fulares Estampada Vintage Estilo Moda Elegante Chal Cuadrado Grande Estolas Protector Solar Pañuelo Bufanda De Cuello Toda La Temporada,4.4 de 5 estrellas,102,False,$341.99,False,False,Envío GRATIS en pedidos elegibles
"8 PCS Organizadores de Viaje para Maletas, Bolsas de Equipaje Impermeable Cubos Embalaje de Viaje Bolsas de Almacenamiento para Ropa Zapatos, Cosméticos Accesorios (Gris)",4.6 de 5 estrellas,"2,333",True,$299.00,False,True,Envío GRATIS por Amazon México
"Botellas de Spray para el Cabello, 2 Pack Rociador de Cabello Pulverizador Recargable de Niebla Fina para Peinado, Jardinería y Limpieza (Negro y Blanco)",4.4 de 5 estrellas,248,True,$199.00,False,False,Entrega GRATIS por Amazon
"Dr. Scholl's RUNNING Plantillas para hombre (Hombres, 10.5 – 14) // Absorbe los golpes y evita lesiones comunes de correr",4.4 de 5 estrellas,"6,572",False,$505.53,False,True,Envío GRATIS por Amazon México
"El Oso Lustroso, Café",4.5 de 5 estrellas,70,False,$32.00,False,False,Entrega GRATIS por Amazon
"L'Oréal Paris Serum de Ojos Anti Líneas de Expresión Revitalift Ácido Hialurónico, 20 ml",4.7 de 5 estrellas,"5,789",True,$228.00,False,False,Entrega GRATIS por Amazon
"Báscula para Maletas AveDistante Báscula de Equipaje Digital Báscula de Viaje con LCD Pantalla Retroiluminación, Conversión de Unidades de Peso, Max 50 Kg,Negro",4.7 de 5 estrellas,"2,674",True,$239.00,True,False,Entrega GRATIS por Amazon
"Timotech Bolsa de playa de malla extra grande transpirable y fácil de secar con bolsillos para guardar accesorios de cuidado personal, accesorios y artículos de playa",4.8 de 5 estrellas,73,False,$399.99,False,True,Envío GRATIS por Amazon México
Samsonite Xenon 3.0,4.6 de 5 estrellas,"1,891",False,"$1,763.44",False,True,"$1,463.14"
"L'Oréal Paris Kit con Serum Facial, Crema de Día y Gel de Limpieza, Revitalift Ácido Hialurónico",4.8 de 5 estrellas,916,False,$650.70,False,True,Envío GRATIS por Amazon México
"Pinol Pinol Jabón De Barra Líquido Ropa Blanca Y De Color 5.1 L, color, 5.1 L, empaque pude variar",4.6 de 5 estrellas,"6,487",True,$135.85,False,False,Entrega GRATIS por Amazon
"Lima Eléctrica para Pies, Cobrable Lima Eléctrica Pies, Velocidad Ajustable Removedor de Callo Eléctrico para Pies con 3 Cabezal de Rodillo, Pedicura Profesional Limas para Cuidado de los Pies - Blanco",4.6 de 5 estrellas,395,False,$399.99,False,True,Envío GRATIS por Amazon México
"Organizador de Maquillaje Giratorio, AUGUSTYUE 360 Grados de Organizador de Cosméticos de Tocador Vitrinas Cosméticas transparente, Organizador de Maquillaje Caja ajustable",4.7 de 5 estrellas,42,True,$329.00,False,True,Envío GRATIS por Amazon México
"Mustela, Gel de Baño Suave para cara, cuerpo y cabello de Bebés y niños, Limpia y protege, 90% ingredientes de origen natural, 500 ml",4.9 de 5 estrellas,"6,800",True,$199.48,False,False,Entrega GRATIS por Amazon
"LuckyLy Libreta de Notas Iniciales con Pasta Dura de Piel Vegana, Separador y Elástico, Cuaderno de Notas Profesional ideal como Agenda Mujer y Diario, Regalos para Mujer y Mamá – Notebook, Letra M",4.7 de 5 estrellas,56,True,$311.20,False,True,Envío GRATIS por Amazon México
EMAGIE Cosmetiquera para Maquillaje - Neceser de Viaje con Gancho Bolsa de Aseo Impermeable Bolso Organizador para Articulos de Viaje Accesorios para Mujeres y Hombres (ROSA),4.4 de 5 estrellas,509,False,$269.00,False,False,Entrega GRATIS por Amazon
Herschel Chapter - Kit de aseo,4.9 de 5 estrellas,"6,516",False,$488.69,False,True,Envío internacional GRATIS en pedidos mayores a $499 en productos internacionales elegibles
"Travelers Club Richmond - Equipaje de mano giratorio de 50,8 cm",4.3 de 5 estrellas,37,False,"$1,104.69",False,True,Envío internacional GRATIS
Kit SuperShine,1.0 de 5 estrellas,1,False,$758.00,False,True,Envío GRATIS por Amazon México
LumiSyne Bufandas De Seda Suave Para Mujer Retro Impreso Patrón Geométrico Rayas Bufanda Suave Cálido Alta Calidad Estolas Largas Chal De Playa Durante Toda La Temporada,4.7 de 5 estrellas,494,False,$341.99,False,False,Envío GRATIS en pedidos elegibles
LumiSyne Primavera Nuevo Estilo Bufanda De Seda Gasa Mujer Elegante Bufanda De Color Sólido Tul Con Costuras De Seda Decoración De Cuentas Estola Largo Chales De Protección Solar,4.1 de 5 estrellas,107,False,$520.99,False,False,Envío GRATIS en pedidos elegibles
Nautica Money Manager RFID Womenââ‚¬â„¢s Wallet Clutch Organizer,4.6 de 5 estrellas,"1,062",False,$372.47,False,True,$85.15 de envío
"Echo Dot (5.ª generación, modelo de 2022) | Bocina inteligente con Alexa | Negro",4.8 de 5 estrellas,"12,432",False,"$1,299.00",False,True,Envío GRATIS por Amazon México
"Eucerin Protector solar facial efecto mate toque seco Oil Control, , 50 ml",4.8 de 5 estrellas,"18,548",False,$425.59,False,True,Envío GRATIS por Amazon México
NEUTROGENA Hidratante Facial Hydro Boost Water gel 50 g,4.7 de 5 estrellas,"104,078",False,,False,False,
ADATA 128 GB Tarjeta de Memoria Micro SDXC con Adaptador Color Negro con Azul A1 (Clase 10),4.8 de 5 estrellas,"36,085",True,$182.00,False,False,$127.00
"Báscula para Maletas, GIVOOBE Báscula de Equipaje Digital con LCD Pantalla Retroiluminación, Báscula de Viaje 110lb/50KG capacidad, Básculas para Maleta para Ergonómica, plata.",4.3 de 5 estrellas,48,False,$168.00,True,False, con cupón
"Fortalecedor de Agarre de Mano,6 en 1 Ejercitador de Dedos y Mano, Kit de Entrenamiento de Fuerza de Agarre de Mano, Entrenador de Fuerza de Agarre Kit de Entrenamiento para Desarrollo Muscular",4.6 de 5 estrellas,183,False,$299.99,True,True,Envío GRATIS por Amazon México
Caja de Pasaporte RFID Billetera Caja de Tarjeta de Visita Bolsa de Almacenamiento de Documentos de Viaje（Gray）,4.8 de 5 estrellas,"2,875",True,$169.99,False,False,Entrega GRATIS por Amazon
"Echo Dot 5.ª (generación, modelo de 2022) con reloj | Bocina inteligente con reloj y Alexa | Blanco",4.8 de 5 estrellas,"9,371",False,"$1,549.00",False,True,Envío GRATIS por Amazon México
"Best Trading 50 Cubrebocas KF94 Ligero y Certificado, Tapabocas con 4 Capas de Protección contra Partículas, Ajustador Nasal Oculto, Tecnología Coreana (Azul Marino)",4.7 de 5 estrellas,"12,285",False,$159.00,False,False,Entrega GRATIS por Amazon
AX Armani Exchange Ax4104s anteojos de sol rectangulares para hombre,4.6 de 5 estrellas,108,False,"$1,510.00",False,False,Envío GRATIS en pedidos elegibles
"KENNETH COLE REACTION Maleta MANHATTAN Chica 20”, Expandible, Rígida ABS+PC, Ligera, Candado, 8 Ruedas (Gris)",4.8 de 5 estrellas,16,False,"$1,399.00",False,True,Envío GRATIS por Amazon México
"3M Mascarilla Reutilizable Uso Diario, 1 Pieza",4.3 de 5 estrellas,515,False,$71.00,False,False,Entrega GRATIS por Amazon
Cerraduras de Equipaje TSA - Candados de Acero Combinados de 4 Dígitos - Cerradura de Viaje Aprobada para Maletas y Equipaje,4.7 de 5 estrellas,700,True,$149.99,False,False,Entrega GRATIS por Amazon
"Best Trading 200 Cubrebocas de Colores Combinados, Tapabocas Tricapa, Calidad Premium con Colores Divertidos, (4 cajas de colores variados))",4.7 de 5 estrellas,"2,207",True,$219.00,False,False,Entrega GRATIS por Amazon
"Bandolera Hombre, Mariconera, Salandens Crossbody Hombre, Bolso Para Hombre Correa De Hombro Desmontable, Estilo Casual, Ligero, Para Uso Diario, Deportes, Senderismo,viajes.",4.5 de 5 estrellas,328,True,$339.15,False,True,Envío GRATIS por Amazon México
"Amazon Basics Hardside Spinner, Carry-On, Expandable Suitcase Luggage with Wheels",4.8 de 5 estrellas,"29,658",False,"$1,648.11",False,True,Envío GRATIS por Amazon México
"BLACK MAMUT Mochila Antirrobo para Mujer, Bolso Casual, Bolso de Hombro, Pequeña para Paseos, Universidad, Maquillaje, Cosméticos, Artículos Personales y Electrónicos, Juvenil, Impermeable",4.4 de 5 estrellas,226,False,$329.00,False,True,Envío GRATIS por Amazon México
"NEWKIBOU Clip de Corbata, Clip de Corbata de 3 Piezas, Clip de Corbata de Acero Inoxidable de Alta Calidad, Pasador de Corbata clásico para Bodas de Negocios",4.6 de 5 estrellas,360,True,$117.10,False,False,Entrega GRATIS por Amazon
Nine West Reloj de pulsera con detalles de vidrio para mujer,4.6 de 5 estrellas,"6,345",True,$372.24,False,True,Envío internacional GRATIS en pedidos mayores a $499 en productos internacionales elegibles
"Motorola Moto Watch 100 Smartwatch – Reloj inteligente de 42 mm con GPS para hombres y mujeres, batería de hasta 14 días, frecuencia cardíaca 24/7, SpO2, resistente al agua 5 ATM, AOD, Android e iOS compatible con Glacier Silver",3.8 de 5 estrellas,941,False,"$2,443.78",False,True,"$2,040.61"
"Paquete de 2 paraguas Nautica de 3 secciones con apertura automática, resistente protección de día lluvioso con mango ergonómico, cobertura de 42 pulgadas",4.3 de 5 estrellas,"1,291",False,$661.53,False,True,$108.68 de envío
"Victorinox Kit Para Articulos De Noche, Negro (Black), Maletín Unisex Adulto, Negro (Black), Unico Tamaño",4.8 de 5 estrellas,45,False,$905.00,False,True,Envío GRATIS por Amazon México
"Mochila Cruzada para Hombre XB13006, ARCTIC HUNTER AH Bolso Bandolera con Puerto para Audifonos Bolso de Pecho Antirrobo Sling Bag Múltiples Compartimentos para Actividades al Aire Libre de Hombres",4.7 de 5 estrellas,402,False,$299.00,False,True,Envío GRATIS por Amazon México
"Victorinox Neceser De Viaje Zip-Around, Negro, Maletín Unisex Adulto, Unico Tamaño",4.3 de 5 estrellas,21,False,"$1,687.94",False,True,Envío GRATIS por Amazon México
"MINISO Juego de 5 Botellas de Viaje de plástico portátil, Multiusos, para Guardar lociones, champús, etc",4.4 de 5 estrellas,551,False,$139.00,False,False,Entrega GRATIS por Amazon
"Raganet, 50 Cubrebocas KN95 Blancos, Ajustador Nasal Oculto, Empacados en Bolsas Individuales. (50 Pack)",4.4 de 5 estrellas,"19,751",True,$119.00,False,False,Entrega GRATIS por Amazon
"Reloj Casio Digital clásico Deportivo para Mujer, Negro, Unitalla",4.7 de 5 estrellas,"6,081",False,$351.67,False,True,Envío internacional GRATIS en pedidos mayores a $499 en productos internacionales elegibles
"Audífono para Personas Mayores, Amplificadores de Audición Digitales Recargables con Cancelación de Ruido, Amplificadores de Sonido Personales Ligeros, Auriculares, Dispositivos de Sonido para (rosa amarillento)",4.1 de 5 estrellas,57,False,"$1,419.00",False,True,Envío GRATIS por Amazon México
Aprovecha Bien El Tiempo: Una Guía Práctica Para Honrar a Dios Con Tu Día,4.8 de 5 estrellas,555,False,$289.00,False,False,$279.00
Neceser Para Viaje Café Oscuro De Piel Unitalla,4.7 de 5 estrellas,392,False,$689.00,False,True,Envío GRATIS por Amazon México
Assurant - 3 Años Cuidado Personal - Seguro de Daños accidentales $1500 - $1999.99,3.7 de 5 estrellas,3,False,$485.99,False,False,Envío GRATIS en pedidos elegibles
Leadville: The City. Mines and Bullion Product. Personal Histories of Prominent Citizens. Facts and Figures Never Before Given to the Public,,,False,$407.33,False,True,Envío internacional GRATIS en pedidos mayores a $499 en productos internacionales elegibles
LumiSyne Bufanda De Primavera Mujer Niñas Suave y Delgado Fulares De Algodón Colores Mezclados Patrón De Alfabeto Geométrica Chales Estola Cálido De Moda,4.2 de 5 estrellas,35,False,$446.99,False,False,Envío GRATIS en pedidos elegibles
Ditmo Uniformes Pantalón 860 Unisex,4.1 de 5 estrellas,95,False,$375.00,False,True,Envío GRATIS por Amazon México
"Bolso de Pecho Antirrobo, Bolsa de Hombro Mochila Honda Hombre y Mujer Impermeable Multifuncional con Puerto de Carga USB y Puerto para Auriculares para Caminatas, Viajes,Trabajo (Gris)",4.0 de 5 estrellas,"1,016",False,$169.00,False,False,Entrega GRATIS por Amazon
"micsun Calcetines Invisibles para Mujer,Tenis Calcetas Antideslizantes de Corte Bajo,Calcetas Deportivas Algodon Transpirables,5 Pares",4.6 de 5 estrellas,"1,181",True,$269.00,True,False,Entrega GRATIS por Amazon
Kit SuperShine,1.0 de 5 estrellas,1,False,$758.00,False,True,Envío GRATIS por Amazon México
"8 PCS Organizadores de Viaje para Maletas, Bolsas de Equipaje Impermeable Cubos Embalaje de Viaje Bolsas de Almacenamiento para Ropa Zapatos, Cosméticos Accesorios (Gris)",4.6 de 5 estrellas,"2,333",True,$299.00,False,True,Envío GRATIS por Amazon México
LumiSyne Bufandas De Seda Suave Para Mujer Bufandas a Cuadros Clásicas Arco Tartán De Color Bufandas Largas Chal De Playa Durante Toda La Temporada,4.4 de 5 estrellas,198,False,$341.99,False,False,Envío GRATIS en pedidos elegibles
Caja de Pasaporte RFID Billetera Caja de Tarjeta de Visita Bolsa de Almacenamiento de Documentos de Viaje (Green),4.8 de 5 estrellas,"2,875",True,$169.99,False,False,Entrega GRATIS por Amazon
"El mejor diario diario para hombres y mujeres para atención plena, productividad, felicidad y cuidado personal, diario de gratitud, diario de afirmación, diario de positividad, diario de manifestación, diario de autocuidado, rastreador de hábitos y diario con indicaciones (negro)",4.5 de 5 estrellas,48,False,$556.97,False,True,$100.11 de envío
"báscula de baño para uso personal, báscula digital de cristal templado, 180 kg Max Kg/lb (Transparente1)",4.2 de 5 estrellas,342,False,$369.00,False,True,$206.00
Kit Cand Clns NaturalSlim Frank Suárez (Sin libro),4.7 de 5 estrellas,27,False,"$1,770.00",False,True,Envío GRATIS por Amazon México
LUBRIDERM Crema Corporal Men Fragancia Ligera 400 ml,4.8 de 5 estrellas,"1,831",False,$92.50,False,False,Entrega GRATIS por Amazon
"TAIMEI 4 Pieces Color con Pasta Dura de A5 Piel Vegana con Separador y Seguro, Cuaderno de Notas con 320 Hojas de Raya,Libreta ejecutiva para Universidad u Oficina,Agenda Personal, Cuaderno",4.6 de 5 estrellas,72,False,$299.00,False,True,Envío GRATIS por Amazon México
"Curitas Desodorante para pies en Spray Fresh Active 2 en 1 DEO, con Octenidina que protege tus pies contra el mal olor por hasta 48 horas, 150 ml",4.8 de 5 estrellas,"1,682",False,$79.00,False,False,Entrega GRATIS por Amazon
"Juego de llavero de seguridad personal para mujer,llaveros de aluminio,Juego de llavero de autodefensa con alarma personal,alarma de seguridad personal,seguridad personal para mujeres, niñas",4.5 de 5 estrellas,22,True,$199.00,False,False,Entrega GRATIS por Amazon
"Accesorios de aseo esenciales para playa, kits de comodidad de playa, accesorios de aseo personal de alta calidad, juego de viaje, necesidades de día festivo, kit de natación en la playa. ., Claro, Pequeño, Kit de comodidad de accesorios de playa",5.0 de 5 estrellas,7,False,,False,False,
"LifeStraw - Filtro de agua personal para senderismo, acampada, viajes y preparación para emergencias (paquete de 2)",4.7 de 5 estrellas,77,False,"$1,512.36",False,True,Envío GRATIS por Amazon México
"Travel Bottles Set, 11 Piece Recipientes de viaje cosméticos ,Contenedores De A Prueba Fugas Shamp para shampoo, locion, crema solar, artículos de tocador conditioner Airline aprobado (Pink)",4.6 de 5 estrellas,139,False,$199.00,False,False,Entrega GRATIS por Amazon
"Makeup Remover Cleansing Towelette Singles Individually Wrapped, 20 Pre-moistened Towelettes",4.8 de 5 estrellas,"45,730",True,$154.40,False,False,Entrega GRATIS por Amazon
"BEE VIBES Dispensador de Viaje 4 en 1 - Contenedor de Viaje, Botella Recargable sin Fugas, Dispensador Envases Cambiador para Diferentes Lociones, Gel, Cremas, Maquillaje y Accesorios (Rosa)",5.0 de 5 estrellas,1,False,$219.99,True,False,Entrega GRATIS por Amazon
"PERSONAL CHILLER Mini refrigerador cálido o enfriador de 6 litros, refrigerador LED portátil para maquillaje, cuidado de la piel, aperitivos y más – Mini refrigerador para cambiador de recámara con vidrio iluminado, negro",4.4 de 5 estrellas,37,False,"$1,364.89",False,True,Envío internacional GRATIS
"ANNA TOSANI Alarma Personal, 2 Pack Alarma Personal de Emergencia, 130DB Alarma Seguridad Autodefensa con Luz LED Llaveros, para Mujeres, Niños, Ancianos, Turno Nocturno y Scream Safesound (C)",4.0 de 5 estrellas,22,False,$249.00,False,False,Entrega GRATIS por Amazon
"Nostalgia a MWF5TL MyMini Máquina de gofres eléctrica personal, Hash browns, queso a la parrilla, quesadilla, brownies, galletas, Aqua (verde azulado)",4.2 de 5 estrellas,25,False,$454.60,False,False,Envío GRATIS en pedidos elegibles
SWISS ARABIAN Private Musk - Productos de Lujo de Dubái - Perfume Personal de Larga Duración y Adictiva Fragancia - Un Aroma de Autor Seductor y de Alta Calidad - El Lujoso Aroma de Arabia – 12 ml,4.2 de 5 estrellas,127,False,"$1,487.20",False,False,$81.11 de envío
LumiSyne Bufandas De Seda Para Mujer Estampado Floral Estilo Moda y Elegante Chal Largo y Suave Estolas Caliente Chal Protector Solar Toda La Temporada,4.6 de 5 estrellas,371,False,$341.99,False,False,Envío GRATIS en pedidos elegibles
LumiSyne Bufanda De Seda Mujer Fulares Estampada Vintage Estilo Moda Elegante Chal Cuadrado Grande Estolas Protector Solar Pañuelo Bufanda De Cuello Toda La Temporada,4.4 de 5 estrellas,102,False,$341.99,False,False,Envío GRATIS en pedidos elegibles
LumiSyne Bufandas De Seda Suave Para Mujer Retro Impreso Patrón Geométrico Rayas Bufanda Suave Cálido Alta Calidad Estolas Largas Chal De Playa Durante Toda La Temporada,4.7 de 5 estrellas,494,False,$341.99,False,False,Envío GRATIS en pedidos elegibles
LumiSyne Primavera Nuevo Estilo Bufanda De Seda Gasa Mujer Elegante Bufanda De Color Sólido Tul Con Costuras De Seda Decoración De Cuentas Estola Largo Chales De Protección Solar,4.1 de 5 estrellas,107,False,$520.99,False,False,Envío GRATIS en pedidos elegibles
Herramientas de Aprendizaje y Productividad: Para Construir Las Competencias Basicas del Crecimiento Integral,,,False,$319.59,False,False,$90.92 de envío
"Escudo Antibacterial, Toallitas Húmedas Antibacteriales Para Manos, 100 Piezas (2 paquetes de 50 toallitas c/u)",4.7 de 5 estrellas,"5,354",True,$39.00,False,False,Entrega GRATIS por Amazon
"3 PCS Neceser Translúcido Impermeable Neceser de Viaje Portátil Para Guardar Cosméticos, Artículos de Tocador, Artículos de Viaje y Otros Objetos Personales",,,False,$279.00,True,False,Entrega GRATIS por Amazon
"Depiladora Facial Mujer, 2 en 1 Eléctrica Depiladora Cejas Afeitadora Removedor de Vello Maquina Depilar Facial USB Recargable Impermeable Portátil sin Dolor Luz LED",4.4 de 5 estrellas,554,False,$279.00,True,False,Entrega GRATIS por Amazon
"El Oso Limpador de Tenis, Gel, 120 gr",4.6 de 5 estrellas,"1,898",False,$33.00,False,False,Entrega GRATIS por Amazon
"Gestión del tiempo - Manejo del Tiempo: Simples técnicas para cambiar tus hábitos y mejorar tu productividad personal (Productividad Personal, Manejo del tiempo, Gestión del tiempo)",4.2 de 5 estrellas,13,False,$0.00,False,False,Disponible al instante
"Sirona Bolsas de Desechamiento Personal – 60 Bolsas para Tampones Discretos, Almohadillas Sanitarias/Servilletas, Forro Panty, Tampones y Preservativos | Productos para el Cuidado Menstrual y la Higiene",4.6 de 5 estrellas,"1,279",False,$576.00,False,True,$86.23 de envío
"Guante Exfoliante Corporal para Baño 4 Piezas, Estropajo para Cuerpo, Esponja para Baño, Sacate Corporal para Hombre y Mujer, Fácil de Limpiar, Artículos de Aseo Personal.",5.0 de 5 estrellas,1,False,$169.00,False,False,Entrega GRATIS por Amazon
"Alarma de Seguridad Personal para Emergencias Recargable con Luz LED – Accesorios para Mujer, Niños y Ancianos para Defensa Personal – Llavero con Sirena de Autodefensa – Por De la Guarda (Blanco)",4.5 de 5 estrellas,261,False,$374.00,False,True,Envío GRATIS por Amazon México
"Triko Botellas de viaje, contenedores para viaje, recipientes para vacaciones aprobados por la TSA",4.7 de 5 estrellas,165,False,$429.99,False,True,Envío GRATIS por Amazon México
Sico SoftLube Pleasure Plus Gel Lubricante Personal envase de 56.7 gramos,4.7 de 5 estrellas,"2,067",False,$100.00,False,False,Entrega GRATIS por Amazon
"Manicura Pedicura kit, Hanlesi 7 en 1 Manicure Set de Acero Inoxidable Grooming Nail Scissors Cuidado Personal Pedicure Ear Set Kit Viaje para Hombre y Mujer",3.9 de 5 estrellas,31,False,$219.00,False,False,Entrega GRATIS por Amazon
"St Joseph´s Tabletas Masticables, Alternativa Perfecta para Pasta Dental Ofrece la Misma Limpieza por más Tiempo, Frasco 75 Pastillas, Enjuague Bucal Masticable",4.2 de 5 estrellas,172,False,$149.00,False,False,Entrega GRATIS por Amazon
"Clever Fox Planner Daily Premium Edition - Agenda diaria de lujo con horario por hora, organizador personal, diario de productividad y de objetivos, sin fechas, se puede comenzar en cualquier momento",4.6 de 5 estrellas,625,False,$742.00,False,True,$123.58 de envío
Wahl Micro Groomsman #5640-600 - Recortadora personal,4.2 de 5 estrellas,"34,430",False,$230.25,False,True,Envío internacional GRATIS en pedidos mayores a $499 en productos internacionales elegibles
"TREE HUT, Watermelon Shea Sugar Scrub, Exfoliante Corporal de Azúcar Natural con Manteca de Karité y Esencia de Sandía, Exfolia e Hidrata la Piel, 510 gramos",4.9 de 5 estrellas,989,True,$238.00,False,False,Entrega GRATIS por Amazon
"Kesntto 7 Piezas Kit de Herramientas Dentales, Raspador de Dientes, Juego de Herramientas de Higiene Dental, Juego de Herramientas de Dentista de Acero Inoxidable para Uso Personal y Mascota",4.4 de 5 estrellas,23,False,$149.00,False,False,Envío GRATIS en pedidos elegibles
"SlowTon Kit de Herramientas Dentales de 8 Piezas, Juego de Herramientas de Dentista de Acero Inoxidable Profesional con Estuche Limpieza de Los Dientes Linterna de Iluminación Oral Espejo Dental para Uso Personal y Mascota",4.6 de 5 estrellas,80,False,$249.99,False,False,Entrega GRATIS por Amazon
Purple Rose Supply Kit de prensa para moldes de cannagar personal,4.4 de 5 estrellas,385,False,$928.71,False,True,$901.51
Aprovecha Bien El Tiempo: Una Guía Práctica Para Honrar a Dios Con Tu Día,4.8 de 5 estrellas,555,False,$289.00,False,False,$279.00
"Lifetime 80623 Mesa Personal, 30""",4.8 de 5 estrellas,629,False,"$1,259.00",False,False,$62.71 de envío
"Kit de botellas de viaje, ANNIEMOOM Contenedores de aseo para viaje recargable a prueba de fugas, Travel bottles set reutilizable portátil para shampoo, locion, crema solar",4.1 de 5 estrellas,27,False,$149.00,False,False,Entrega GRATIS por Amazon
EVOLUCIONAR PARA CRECER PROFESIONALMENTE: Decidir y tomar decisiones. Persuadir y convencer. Gestionar el tiempo y ser productivo. Cambiar hábitos y ... personal y profesional) (Spanish Edition),4.6 de 5 estrellas,10,False,$212.88,False,True,Envío internacional GRATIS en pedidos mayores a $499 en productos internacionales elegibles
Assurant - 2 Años Cuidado Personal - Seguro de Daños accidentales $1500 - $1999.99,4.4 de 5 estrellas,58,False,$270.85,False,False,Envío GRATIS en pedidos elegibles
"Sabre Alarma Personal con Clip con luz de Seguridad LED, Alarma de 120 dB, Audible hasta 395 Metros, 3 Modos de luz (Siempre Encendido, Flash Lento y Flash rápido), Resistente a la Intemperie",4.4 de 5 estrellas,346,False,$264.29,False,True,Envío internacional GRATIS en pedidos mayores a $499 en productos internacionales elegibles
"Bolsa de Aseo de Viaje Colgante Organizador y Baño Dopp Higiene Kit con Gancho para Accesorios de Viaje Artículos de Tocador Baño, Afeitado y Maquillaje para Hombres y Mujeres",4.6 de 5 estrellas,"4,534",True,$199.99,False,False,Entrega GRATIS por Amazon
Neceser Hombre Maquillaje Neceser de Viaje Resistente al Agua Bolsa de Aseo Bolsa de Tocador Organizador Higiene Baño Bolsa de Cosméticos para Hombres Mujeres,4.8 de 5 estrellas,190,False,$359.00,False,True,Envío GRATIS por Amazon México
"Clean + Easy Electrólisis personal no láser para cara y cuerpo, depilación permanente, funciona con pilas",2.7 de 5 estrellas,181,False,$778.02,False,True,$87.66 de envío
"Juego de bolsas portátiles para toallitas húmedas, paquete de 2 recipientes para toallitas húmedas, reutilizables y recargables para viajes personales",4.4 de 5 estrellas,"2,092",False,$100.00,False,False,Envío GRATIS en pedidos elegibles
Lunderg-Abrazadera Freedom de con la innovadora ProHinge para presión descendente y 5 accesorios diferentes Abrazadera para el pene totalmente personalizable para la incontinencia Productos para la in,4.1 de 5 estrellas,60,False,"$1,203.92",False,True,Envío internacional GRATIS
"Bolsa de Aseo de Viaje, TYC Estuche de maquillaje de viaje Kit de Organizador de Artículos de Tocador de Viaje Colgante con Gancho y Manija Bolsa de Cosméticos para Hombres o Mujeres (Negro)",4.6 de 5 estrellas,869,True,$159.20,False,False,Entrega GRATIS por Amazon
"Circulon Total Bakeware - Juego de horno tostador antiadherente y sartén para pizza personal, 4 piezas",4.7 de 5 estrellas,"1,203",False,$766.03,False,True,Envío GRATIS por Amazon México
Ditmo Uniformes Pantalón 860 Unisex,4.1 de 5 estrellas,95,False,$375.00,False,True,Envío GRATIS por Amazon México
LumiSyne Bufanda De Primavera Mujer Niñas Suave y Delgado Fulares De Algodón Colores Mezclados Patrón De Alfabeto Geométrica Chales Estola Cálido De Moda,4.2 de 5 estrellas,35,False,$446.99,False,False,Envío GRATIS en pedidos elegibles
Nautica Money Manager RFID Womenââ‚¬â„¢s Wallet Clutch Organizer,4.6 de 5 estrellas,"1,062",False,$372.47,False,True,$85.15 de envío
"Bolso de Pecho Antirrobo, Bolsa de Hombro Mochila Honda Hombre y Mujer Impermeable Multifuncional con Puerto de Carga USB y Puerto para Auriculares para Caminatas, Viajes,Trabajo (Gris)",4.0 de 5 estrellas,"1,016",False,$169.00,False,False,Entrega GRATIS por Amazon
MAANGE Neceser Bolsa de Maquillaje Mujeres y Hombres Bolso de tocador Translúcido Impermeable Organizador de Viaje Cosmetiquera para Maquillaje,4.8 de 5 estrellas,"1,694",False,$329.00,False,True,Envío GRATIS por Amazon México
"Qkiss 100 Unids/Caja Hisopo de Algodón, Microaplicadores Desechables para Maquillaje y Cuidado Personal Micro Desechable Extensión Mascara Brush Pestañas Pegamento de Limpieza Stick (Pequeño Morado)",2.7 de 5 estrellas,4,False,$148.00,False,False,Entrega GRATIS por Amazon
UMtrade Vintage Hip Hop Rock Hombres Acero Inoxidable Vikingo nórdico Collares Amuleto Talismán Colgante,4.5 de 5 estrellas,44,False,$190.00,False,False,Entrega GRATIS por Amazon
"Filofax Recarga, tamaño personal/compacto, semana a ver con citas, horizontal, papel blanco, rayado, inglés, 2022 (C68420-22)",5.0 de 5 estrellas,11,False,$414.07,False,True,Envío internacional GRATIS en pedidos mayores a $499 en productos internacionales elegibles
Leadville: The City. Mines and Bullion Product. Personal Histories of Prominent Citizens. Facts and Figures Never Before Given to the Public,,,False,$407.33,False,True,Envío internacional GRATIS en pedidos mayores a $499 en productos internacionales elegibles
"COYCYQI Mini refrigerador para cuidado de la piel, enfriador y calentador de belleza personal pequeño de 4 L/6 latas, refrigerador USB portátil para recámara, maquillaje, bebidas, hogar, Ravel (blanco)",4.0 de 5 estrellas,82,False,$960.51,False,True,$795.40
"#LubeLife Strawberry Flavored Oral Use Personal Lubricant, 8 oz Sex Lube for Men, Women and Couples",3.6 de 5 estrellas,14,False,$415.80,False,True,Envío GRATIS por Amazon México
"ProCase Neceser de Viaje con Gancho Colgante, Bolsa de Aseo Organizador de Accesorios de Viaje, Maquillaje, Champú, Cosméticos, Artículos Personales, Bolso con Asa -Negro",4.6 de 5 estrellas,"1,027",False,$289.00,False,False,Entrega GRATIS por Amazon
"Cepillos para los Pies - Kit de Pedicura - Lima, Escofina, Removedor de Callos - Para Restregar / Exfoliar / Remover Piel Muerta / Peeling - Cuidado Personal, Acicalamiento - Piel, Uñas y Dedos Hermosos",4.7 de 5 estrellas,40,False,$242.52,False,True,$83.16 de envío
"hotlogic Mini Personal Portátil horno, Azul, Mini, 1",4.7 de 5 estrellas,"21,818",False,"$1,150.00",False,True,Envío GRATIS por Amazon México
"Wrangler 20"" equipaje de mano",4.6 de 5 estrellas,"3,977",True,"$1,107.66",False,True,Envío GRATIS por Amazon México
"Aveeno Baby Gentle Moisturizing Daily Care Set, Natural Oat Extract, Natural Colloidal Oatmeal, 2 Items",4.8 de 5 estrellas,101,False,$610.27,False,True,$592.38
"Chris.W Coloridos rellenos de 6 agujeros a rayas para carpeta organizadora de tamaño personal, papel de relleno de planificador de hojas sueltas de 5 colores, 100 hojas/200 páginas, forrado (3 3/4 pulgadas x 6 3/4 pulgadas)",4.8 de 5 estrellas,16,False,$282.35,False,True,$82.96 de envío
"KLIM Discman – Reproductor CD portatil con batería Interna - Incluye Auriculares Fusion - CD Player Mini Compacto, Personal, Compatible con CD-R, CD-RW y MP3 - Blanco",4.5 de 5 estrellas,"1,807",False,"$1,354.32",False,True,Envío internacional GRATIS
"3 diarios de escritura recargables con diseño de árbol de la vida para mujeres y hombres con 3 bolígrafos A5 forrados magnéticos, diario de viaje de piel sintética, cuaderno de tapa dura, diario personal, 200 páginas a rayas (elegante)",,,False,$505.71,False,True,Envío internacional GRATIS
"Agenda grande planner y calendario diario para aumentar la felicidad, productividad y lograr tus metas. Organizador diario sin fechas tamaño A5. Regalo original para personas ocupadas o que simplemente están listas para mejorar sus vidas, organizarse y ser felices. (6 MESES, Luna)",3.6 de 5 estrellas,8,False,$399.00,False,True,Envío GRATIS por Amazon México
"Travelpro Luggage Maxlite 5 - Bolso de mano ligero de 18 pulgadas para debajo del asiento, Black, Carry-on 18-Inch, Maxlite 5 Bolsa de viaje ligera debajo del asiento",4.7 de 5 estrellas,"2,995",False,"$2,185.19",False,True,Envío GRATIS por Amazon México
"Ricitos de Oro Kit de Viaje, 4 Piezas",4.9 de 5 estrellas,73,False,$149.00,False,False,Entrega GRATIS por Amazon
"Chris.W Organizador personal compacto con cierre, tamaño A6, con 6 anillas, con cierre, color arcoíris holográfico deslumbrante (papel interior no incluido)",4.0 de 5 estrellas,9,False,$273.23,False,True,$82.03 de envío
"Five Star Spiral Notebooks, College Ruled Paper, 100 Sheets, 7"" x 5"", Personal, 6 Pack (38028)",4.5 de 5 estrellas,"1,220",False,$653.95,False,True,$535.26
"12 en 1 Kit Cuidado Barba, Con Beard cleans refresh, Peine Barba Cepillo Barba Aceite Barba Balsamo Barba Barba Tijeras, Regalos para hombres",4.5 de 5 estrellas,566,False,$299.00,False,True,Envío GRATIS por Amazon México
"Facial Steamer with Extendable Arm, Ozone Table Top Mini Spa Face Steamer Design For Personal Care Home Use, Coffee",4.4 de 5 estrellas,369,False,"$1,663.75",False,True,"$1,399.99"
"【Lo último en 2020】 Funda para tarjeta de crédito Woosifun con llavero de escudo de dibujos animados para estudiantes, adolescentes, niños, niñas, personal y mujeres (02 oso negro)",4.5 de 5 estrellas,461,False,$215.55,False,True,$81.12 de envío
"Clever Fox Planificador de presupuesto Pro - Organizador financiero + sistema de presupuesto de sobres de efectivo. Diario mensual de finanzas, rastreador de gastos y libro de abalorio personales. Sin fecha: comienza en cualquier momento. (7''x10'') - Verde oscuro",4.7 de 5 estrellas,"2,651",False,$635.97,False,True,$101.94 de envío
Samsonite Classic 15.6 -InchShuttle (Black),4.7 de 5 estrellas,"1,052",False,"$1,048.83",False,True,Envío internacional GRATIS
El Líder Súper Productivo: Administración del Tiempo: Gestión del Tiempo en la Era Digital (Spanish Edition),5.0 de 5 estrellas,3,False,$308.25,False,True,Envío internacional GRATIS en pedidos mayores a $499 en productos internacionales elegibles
"Mens Bathroom Hygiene bundle, Includes - All-In-One Invigorating Body Wash, Moisturizing Ball Deodorant, High performance friction control body Toner (balanced PH) + FREE Disposable shaving mats",4.6 de 5 estrellas,"7,841",False,"$1,299.00",False,True,"$1,229.00"
Productividad personal: Gestiona tu tiempo y organízate mejor,2.0 de 5 estrellas,1,False,$72.79,False,False,Disponible al instante
"Aloe Cadabra Lubricante personal orgánico e hidratante vaginal natural con 95% de aloe vera, aloe natural, 2.5 onzas (paquete de 3)",4.7 de 5 estrellas,"1,105",False,"$1,779.00",False,True,"$1,627.49"
"Amazon Basics RFID Travel Passport Wallet Organizer - 10 x 5 Inches, Black",4.8 de 5 estrellas,"4,958",False,$302.75,False,True,Envío GRATIS por Amazon México
"PMD - Sistema diario de regeneración celular, juego de 3 piezas (paquete de 1)",4.1 de 5 estrellas,115,False,"$1,115.47",False,True,Envío GRATIS por Amazon México
"Phosphoro® Set de 9 llaveros para mujer defensa personal. Keychain defensa personal hombre/mujer, teaser defensa ligeros y resistentes. Llaveros prevencion de autodefensa seguridad. Self defense",,,False,$289.99,True,False,Entrega GRATIS por Amazon
"LeCalla Links Pulsera de cadena de serpiente italiana de plata de ley 925 de 3 mm para mujeres, hombres, adolescentes y niñas, pulseras de abalorios (6.5, 7, 7.5, 8, 8.5, 9 pulgadas)",4.3 de 5 estrellas,106,False,$439.80,False,True,$75.82 de envío
"Cleverfy Vaporizadores de ducha de aromaterapia, paquete surtido de 6 bombas de ducha con aceites esenciales. Vaporizador de ducha para cuidado personal y relajación para mujeres y hombres. Conjunto Azul",4.3 de 5 estrellas,"6,591",False,"$1,194.00",False,False,"$1,024.49"
"Diario matutino de 5 minutos - Mi registro diario: gratitud, amor propio, salud mental, bienestar, rastreador de hábitos de productividad y cuidado personal",,,False,$325.44,False,True,Envío internacional GRATIS en pedidos mayores a $499 en productos internacionales elegibles
"KENNETH COLE, NEW YORK Maleta Mediana 25”, Suave, Nylon Resistente, Candado TSA, Expandible, De Diseñador",4.7 de 5 estrellas,40,False,"$1,799.00",False,True,Envío GRATIS por Amazon México
Medela | Embudo PersonalFit Flex para Extractores de Leche Medela | Talla Mediana (24 mm) | Contiene: 2 embudos,4.7 de 5 estrellas,"18,823",False,$407.47,False,True,$340.10
Personal Lubricant. Nooky Lube Natural Water-Based Lubes for Men and Women. 16 oz. - Made in USA - 100% Unconditional Money Back €¦,4.5 de 5 estrellas,2,False,$979.00,False,True,$889.00
SWISS ARABIAN Amaani - Productos de Lujo de Dubái - Perfume Personal de Larga Duración y Adictiva Fragancia - Un Aroma de Autor Seductor y de Alta Calidad - El Lujoso Aroma de Arabia – 12 ml,3.5 de 5 estrellas,12,False,"$1,362.00",False,False,"$1,354.82"
"Pulsera de alerta médica personalizada Bycuss, pulseras de identificación de información médica de emergencia personalizada, rastreador de medicamentos, pulsera de muñeca médica para ancianos",4.6 de 5 estrellas,21,False,$279.99,False,False,Envío GRATIS en pedidos elegibles
"Productividad: Lo que deberían haberle enseñado en la escuela sobre la fijación de metas, el manejo del tiempo, la autodisciplina, la postergación, los hábitos y la fortaleza mental: 3",,,False,$345.47,False,True,Envío internacional GRATIS en pedidos mayores a $499 en productos internacionales elegibles
"Platypus Ortho Flosser for Braces, 30 count, 2 Pack",4.7 de 5 estrellas,"4,523",False,$354.26,False,True,$81.47 de envío
"Samsonite Andante - Bolsa de lona rodante con 2 ruedas, Andante - Bolsa de lona con ruedas (2 unidades)",4.5 de 5 estrellas,"3,032",False,"$2,180.92",False,True,Envío internacional GRATIS
"Dove More Moisturizing than Coconut Soap Bars, Coconut Milk Beauty Bar 4 oz, 6 Bar",4.7 de 5 estrellas,"19,265",False,$277.34,False,False,Entrega GRATIS por Amazon
Nenesupply Piezas de bomba con bridas de 21 mm compatibles con sacaleches Medela incl. Membrana de válvula de escudo para bomba con estilo Symphony Swing no original Medela Pump Parts,4.6 de 5 estrellas,"2,695",False,$289.22,False,True,$90.86 de envío
Productividad Personal: Descubre Cómo Transformar tu Vida y Lograr tus Objetivos. Crea una Estrategia para Alcanzar el Éxito,5.0 de 5 estrellas,1,False,$0.00,False,False,Disponible al instante
Compresas Reutilizables Ecológicas | Set de Compresas Lavables Para Mujeres | Pack de Salvaslip Reutilizable Para Todo Tipo de Flujos | Set de 5 Compresas de Tela | Productos Ecológicos | Bambaw,4.2 de 5 estrellas,"1,113",False,$541.69,False,True,Envío internacional GRATIS
Recursos Humanos humanos; El Libro definitivo: para aquellos que desean Lograr procesos y Relaciones Laborales Estables y positivas. El Libro ... tener PERSONAL FELIZ y PRODUCTIVO SIEMPRE!,4.5 de 5 estrellas,142,False,$314.10,False,True,Envío internacional GRATIS en pedidos mayores a $499 en productos internacionales elegibles
Kit SuperShine,1.0 de 5 estrellas,1,False,$758.00,False,True,Envío GRATIS por Amazon México
"8 PCS Organizadores de Viaje para Maletas, Bolsas de Equipaje Impermeable Cubos Embalaje de Viaje Bolsas de Almacenamiento para Ropa Zapatos, Cosméticos Accesorios (Gris)",4.6 de 5 estrellas,"2,333",True,$299.00,False,True,Envío GRATIS por Amazon México
LumiSyne Bufandas De Seda Suave Para Mujer Bufandas a Cuadros Clásicas Arco Tartán De Color Bufandas Largas Chal De Playa Durante Toda La Temporada,4.4 de 5 estrellas,198,False,$341.99,False,False,Envío GRATIS en pedidos elegibles
LumiSyne Bufandas De Seda Para Mujer Estampado Floral Estilo Moda y Elegante Chal Largo y Suave Estolas Caliente Chal Protector Solar Toda La Temporada,4.6 de 5 estrellas,371,False,$341.99,False,False,Envío GRATIS en pedidos elegibles
"WRLD Sello Médico De Signos Vitales Para Enfermeras, Enfermeros, Doctores, Doctoras y Personal de la Salud Trodat Pocket Printy 3.8 X 1.4 Cm",4.6 de 5 estrellas,3,False,$299.00,True,False,Envío GRATIS en pedidos elegibles
"Timotech Ganchos para Ropa, Abrigos y Accesorios personales para hogar y armarios 20 Piezas Color Negro de plastico | Ganchos de Ropa para Vestimenta, Trajes y Accesorios",4.4 de 5 estrellas,36,False,$379.99,False,True,Envío GRATIS por Amazon México
"DYMO 1749027 Letratag, LT100H, etiquetadora de Mano Personal",4.7 de 5 estrellas,"1,619",False,$624.62,False,False,$101.74 de envío
Vitamix Adaptor + Vaso Personal,4.6 de 5 estrellas,17,False,"$1,999.00",False,True,Envío GRATIS por Amazon México
Microsoft 365 Personal (12 Meses) - Standard - 1 Usuario - PC/Mac | Código por mail,4.8 de 5 estrellas,40,False,"$1,299.00",False,False,
"Merry Expressions - Planificador diario con hojas sin fecha de 8.5 x 11 pulgadas, organizador de calendario, rastreador de productividad para objetivos, tareas, hábitos, ideas, notas, listas de tareas",4.5 de 5 estrellas,455,False,$317.73,False,True,$89.90 de envío
"Lynk Pleasure Anal Lube Long Lasting Water Based 8 oz Sex Lube for Men, Women, and Couples | Paraben & Glycerin Free Intimate Personal Lubricant",4.2 de 5 estrellas,45,False,$473.12,False,True,Envío GRATIS por Amazon México
"Alarma de seguridad personal, llavero de alarma de autodefensa de emergencia con luz LED de 130dB, dispositivos de seguridad de protección personal Alarma para niñas, niños, ancianos y otras personas que necesitan protección",4.6 de 5 estrellas,35,False,$154.00,False,False,Entrega GRATIS por Amazon
"Valm Silicone Based Personal Lubricant - Ultra Long Lasting - Sex Lube for Women, Men, and Couples - 8.5 Ounce Pump",4.6 de 5 estrellas,"5,525",False,$778.50,False,True,Envío GRATIS por Amazon México
"Amazon Basics - Carpeta de archivos organizadora expandible, tamaño carta, color negro y gris, paquete de 2",4.7 de 5 estrellas,"58,582",False,$390.12,False,True,$362.81
"Diario matutino de 5 minutos - Mi registro diario: gratitud, amor propio, salud mental, bienestar, rastreador de hábitos de productividad y cuidado personal",,,False,$325.44,False,True,Envío internacional GRATIS en pedidos mayores a $499 en productos internacionales elegibles
"Mueller Ultra Bullet Licuadora personal para batidos y batidos con taza de viaje de 15 onzas y tapa, jugos, comida para bebés, licuadora portátil de alta resistencia y procesador de alimentos, color gris",4.2 de 5 estrellas,"11,038",False,$496.10,False,True,$114.19 de envío
"Gynofit Gel Vag 5 Ml Aplicad C6, Pack of 1",4.1 de 5 estrellas,22,False,$571.20,False,False,Envío GRATIS en pedidos elegibles
"Nedento Encias Enjuague Buc 300 Ml, Pack of 1",5.0 de 5 estrellas,10,False,$382.10,False,False,Envío GRATIS en pedidos elegibles
"OTPEIR - Licuadora de tamaño personal, licuadora portátil, licuadora USB alimentada por pilas (color blanco)",3.9 de 5 estrellas,743,False,$515.79,False,True,$104.19 de envío
"Arctic Air, Enfriador de Aire Personal y portatil",3.4 de 5 estrellas,"7,877",True,$449.00,False,False,Envío GRATIS en pedidos elegibles
LumiSyne Bufanda De Seda Mujer Fulares Estampada Vintage Estilo Moda Elegante Chal Cuadrado Grande Estolas Protector Solar Pañuelo Bufanda De Cuello Toda La Temporada,4.4 de 5 estrellas,102,False,$341.99,False,False,Envío GRATIS en pedidos elegibles
LumiSyne Bufandas De Seda Suave Para Mujer Retro Impreso Patrón Geométrico Rayas Bufanda Suave Cálido Alta Calidad Estolas Largas Chal De Playa Durante Toda La Temporada,4.7 de 5 estrellas,494,False,$341.99,False,False,Envío GRATIS en pedidos elegibles
LumiSyne Primavera Nuevo Estilo Bufanda De Seda Gasa Mujer Elegante Bufanda De Color Sólido Tul Con Costuras De Seda Decoración De Cuentas Estola Largo Chales De Protección Solar,4.1 de 5 estrellas,107,False,$520.99,False,False,Envío GRATIS en pedidos elegibles
Ditmo Uniformes Pantalón 860 Unisex,4.1 de 5 estrellas,95,False,$375.00,False,True,Envío GRATIS por Amazon México
"OTPEIR Batidora de tamaño personal, licuadora portátil, con pilas USB (rosa)",4.1 de 5 estrellas,129,False,$535.00,False,True,$502.30
"Novofine Aguja 0.25 X 6 Mm 32g C100, Pack of 1",4.9 de 5 estrellas,327,False,$499.00,False,True,Envío GRATIS por Amazon México
"Hamilton Beach Licuadora personal para batidos y batidos con taza y tapa de viaje de 14 onzas, color blanco (51101V)",4.4 de 5 estrellas,"5,989",True,$450.40,False,True,Envío internacional GRATIS en pedidos mayores a $499 en productos internacionales elegibles
"OTPEIR Licuadora de tamaño personal, licuadora portátil, licuadora USB alimentada por pilas",3.9 de 5 estrellas,417,False,$952.54,False,True,$798.50
"Ninja QB3001SS Ninja Fit - Licuadora personal compacta, para batidos, batidos, preparación de alimentos y mezcla congelada, base de 700 vatios y (2) tazas y tapas de boquilla de 16 onzas, color negro",4.8 de 5 estrellas,"38,370",False,"$1,194.73",False,True,Envío internacional GRATIS
Containers By Aline estuche de viaje para hombre color azul marino,4.5 de 5 estrellas,23,False,$310.00,False,True,Envío GRATIS por Amazon México
"Black & Decker PB2004G Licuadora Personal, Gris",4.6 de 5 estrellas,162,False,"$1,199.00",False,True,Envío GRATIS por Amazon México
Microsoft Office 365 Personal Windows/Mac Español QQ2-00050 (Código de licencia en físico),4.8 de 5 estrellas,244,False,"$1,090.00",False,True,Envío GRATIS por Amazon México
"Arctic Air Ontel - Enfriador de aire ultra evaporativo, potente enfriador de espacio personal de 3 velocidades, ligero y portátil con tecnología Hydro-Chill para recámara, oficina, sala de estar y más",3.2 de 5 estrellas,"9,936",True,$399.00,False,False,Envío GRATIS en pedidos elegibles
"Botellas De Viaje Para cosméticos, Set De 11 Botellas De Viaje Líquidas Vacías, Juego De Viaje De Avión Para Champú, Protector Solar, Loción, Jabón, Artículos De Tocador, Acondicionadores",4.5 de 5 estrellas,74,False,$199.00,False,False,Entrega GRATIS por Amazon
Ventilador de Torre 16 Pulg / 40.64 cm / Mesa Escritorio Oficina Buro Portátil / Beckon BV-11 / Oscilación / Silencioso Small Personal Portable Desk Tower Fan (Blanco),4.2 de 5 estrellas,160,False,$699.00,False,True,Envío GRATIS por Amazon México
"Lazmin Alarma de Seguridad Personal, Llavero de Sirena de autodefensa portátil con Forma de corazón de 130 dB, Dispositivos de protección Seguros para Mujeres, niñas, niños y Ancianos (Plateado)",4.7 de 5 estrellas,6,False,$184.00,False,False,Entrega GRATIS por Amazon
AIG Garanplus - 2 Años Cuidado Personal - Seguro de Daños accidentales $500 - $999.99,4.6 de 5 estrellas,201,False,$137.84,False,False,Envío GRATIS en pedidos elegibles
Pond's Cuidado Facial Fruity Hydra Fresh Sandía Limpiador Facial 200 ml,4.7 de 5 estrellas,"3,466",True,$106.00,False,False,Entrega GRATIS por Amazon
"BTOOTB 10PCS Llaveros de Alarma de Seguridad Personal para Mujeres, Mantiene a Las Mujeres Seguras, Juego de Llaveros de Autodefensa",4.4 de 5 estrellas,37,False,$169.00,False,False,Entrega GRATIS por Amazon
"Bascula Digital Corporal,Bascula de Peso de Baño con Dos Baterías,Peso Máximo de 400LB,Escala de Grasa de Personal con Pantalla LCD Alta Precisión,Encendido/Apagado Automático,Para Baño,Familia,Cocina",4.6 de 5 estrellas,73,True,$169.15,False,False,Entrega GRATIS por Amazon
NO HAIR CREW | Polvo Íntimo Premium DRY & FRESH | Bote de 100 g - Hecho Para Hombres - Evita la irritación - Controla el mal olor,4.4 de 5 estrellas,844,False,$345.00,False,True,Envío GRATIS por Amazon México
RCA Ventilador Personal RC-V6,4.6 de 5 estrellas,101,False,$399.00,False,True,Envío GRATIS por Amazon México
Boxer Manopla de Acero Sólido para Defensa Personal y Artes Marciales,4.7 de 5 estrellas,212,False,$145.00,False,False,$81.05 de envío
"ANNA TOSANI - Kit de manicura y pedicura 15 en 1, juego de manicura de acero inoxidable, kit de pedicura profesional con estuche de viaje de cuero negro, kit de tijeras para el cuidado de uñas, juego de cortaúñas",4.5 de 5 estrellas,881,False,$169.00,False,False,Entrega GRATIS por Amazon
"Letiat4 Leche Corporal, 250 ml",4.4 de 5 estrellas,36,False,$558.40,False,True,Envío GRATIS por Amazon México
"Jaloma | Botiquín de Primeros Auxilios, Caja Plástica, para el Hogar, Oficina, Automóvil.",4.6 de 5 estrellas,65,True,$155.00,False,False,Entrega GRATIS por Amazon
"Redlemon Neceser Organizador de Viaje para Hombre y Mujer, Para Artículos de Baño, Accesorios y Maquillaje, Bolsa de Aseo para Colgar, con Múltiples Compartimentos, Exterior Impermeable. Negro",4.6 de 5 estrellas,836,True,$263.00,False,False,Entrega GRATIS por Amazon
Botella de Viaje 4 Recipientes Silicona Prueba Fugas Juego de Botella Viaje de ml Reutilizables Adecuado Llevar Champú Loción Protector Solar y Viajes de Negocios o Entretenimiento Personal Aire Libre,4.6 de 5 estrellas,131,False,$259.99,True,False,Entrega GRATIS por Amazon
Recursos Humanos humanos; El Libro definitivo: para aquellos que desean Lograr procesos y Relaciones Laborales Estables y positivas. El Libro ... tener PERSONAL FELIZ y PRODUCTIVO SIEMPRE!,4.5 de 5 estrellas,142,False,$314.10,False,True,Envío internacional GRATIS en pedidos mayores a $499 en productos internacionales elegibles
"LifeStraw Filtro de agua personal para senderismo, camping, viajes y preparación de emergencia",4.7 de 5 estrellas,395,True,$499.54,False,True,Envío GRATIS por Amazon México
"12 en 1 Kit Cuidado Barba, Con Beard cleans refresh, Peine Barba Cepillo Barba Aceite Barba Balsamo Barba Barba Tijeras, Regalos para hombres",4.5 de 5 estrellas,566,False,$299.00,False,True,Envío GRATIS por Amazon México
"P027 - Juego de 3 herramientas personales para mujeres, hombres, color rosa",4.2 de 5 estrellas,29,False,$184.94,False,False,Envío GRATIS en pedidos elegibles
"4 Botellas Silicona Viaje 86ml shoppingjy Travel Bottles Set, Contenedores De Silicona A Prueba Fugas Shamp para shampoo, locion, crema solar, artículos de tocador conditioner Airline aprobado",4.7 de 5 estrellas,516,False,$289.00,True,False,Entrega GRATIS por Amazon
"Harpic Pastillas Acuáticas Azules, 5 Piezas",4.7 de 5 estrellas,"3,399",True,$68.00,False,False,Entrega GRATIS por Amazon
"Microsoft 365 Personal | Suscripción anual | Para 1 PC o Mac, 1 tableta incluyendo iPad, Android, o Windows, además de 1 teléfono",4.8 de 5 estrellas,741,True,"$1,099.00",True,True,Envío GRATIS por Amazon México
Yuya - Republic Cosmetics Gel Fijador para Cejas,4.5 de 5 estrellas,"5,075",False,$185.00,False,False,$182.50
Nautica Money Manager RFID Womenââ‚¬â„¢s Wallet Clutch Organizer,4.6 de 5 estrellas,"1,062",False,$372.47,False,True,$85.15 de envío
LumiSyne Bufanda De Primavera Mujer Niñas Suave y Delgado Fulares De Algodón Colores Mezclados Patrón De Alfabeto Geométrica Chales Estola Cálido De Moda,4.2 de 5 estrellas,35,False,$446.99,False,False,Envío GRATIS en pedidos elegibles
"Bolso de Pecho Antirrobo, Bolsa de Hombro Mochila Honda Hombre y Mujer Impermeable Multifuncional con Puerto de Carga USB y Puerto para Auriculares para Caminatas, Viajes,Trabajo (Gris)",4.0 de 5 estrellas,"1,016",False,$169.00,False,False,Entrega GRATIS por Amazon
"micsun Calcetines Invisibles para Mujer,Tenis Calcetas Antideslizantes de Corte Bajo,Calcetas Deportivas Algodon Transpirables,5 Pares",4.6 de 5 estrellas,"1,181",True,$269.00,True,False,Entrega GRATIS por Amazon
LumiSyne Bufandas De Seda Suave Para Mujer Bufandas a Cuadros Clásicas Arco Tartán De Color Bufandas Largas Chal De Playa Durante Toda La Temporada,4.4 de 5 estrellas,198,False,$341.99,False,False,Envío GRATIS en pedidos elegibles
LumiSyne Bufandas De Seda Para Mujer Estampado Floral Estilo Moda y Elegante Chal Largo y Suave Estolas Caliente Chal Protector Solar Toda La Temporada,4.6 de 5 estrellas,371,False,$341.99,False,False,Envío GRATIS en pedidos elegibles
"8 PCS Organizadores de Viaje para Maletas, Bolsas de Equipaje Impermeable Cubos Embalaje de Viaje Bolsas de Almacenamiento para Ropa Zapatos, Cosméticos Accesorios (Gris)",4.6 de 5 estrellas,"2,333",True,$299.00,False,True,Envío GRATIS por Amazon México
Kit SuperShine,1.0 de 5 estrellas,1,False,$758.00,False,True,Envío GRATIS por Amazon México
"#LubeLife Strawberry Flavored Oral Use Personal Lubricant, 8 oz Sex Lube for Men, Women and Couples",3.6 de 5 estrellas,14,False,$415.80,False,True,Envío GRATIS por Amazon México
"Bloc de notas de lista de tareas – Bloc de notas diario sin fecha, 52 hojas de arranque, bloc de planificación de 6.5 x 9.8 pulgadas, lista de verificación, productividad, bloc de notas para el trabajo y organización personal",4.7 de 5 estrellas,"1,180",False,$270.85,False,True,Envío internacional GRATIS en pedidos mayores a $499 en productos internacionales elegibles
Adidas Team - Kit de Aseo,4.9 de 5 estrellas,"1,088",False,$470.61,False,True,Envío internacional GRATIS en pedidos mayores a $499 en productos internacionales elegibles
Assurant - 2 Años Cuidado Personal - Seguro de Daños accidentales $3500 - $3999.99,5.0 de 5 estrellas,10,False,$548.85,False,False,Envío GRATIS en pedidos elegibles
"Drillbrush Blue - Juego de accesorios de cepillo de limpieza de barcos, aluminio, madera, detalles personales de embarcaciones, kit de limpieza de casco de fibra de vidrio, accesorios para kayak, cepillo de cubierta",4.5 de 5 estrellas,46,False,$422.06,False,True,$96.03 de envío
PMD Personal Microderm Pro - Máquina de microdermoabrasión en casa con kit para cara y cuerpo - Cristales exfoliantes y aspiración al vacío para piel fresca y radiante - Opciones de alta y baja velocidad,4.6 de 5 estrellas,276,False,$527.96,False,True,Envío GRATIS por Amazon México
"Good Clean Love Almost Naked Personal Lubricant, 4 oz Tubes",4.3 de 5 estrellas,"1,613",False,$899.00,False,True,$843.49
"Agenda diaria de 24 horas, lista de tareas diarias para el trabajo y la vida personal, planificador de productividad, planificador diario, horario diario, 6.5 x 9.8 pulgadas",4.6 de 5 estrellas,322,False,$163.06,False,True,$88.06 de envío
Assurant - 3 Años Cuidado Personal - Seguro de Daños accidentales $1500 - $1999.99,3.7 de 5 estrellas,3,False,$485.99,False,False,Envío GRATIS en pedidos elegibles
Assurant - 2 Años Cuidado Personal - Seguro de Daños accidentales $2500 - $2999.99,4.3 de 5 estrellas,23,False,$409.85,False,False,Envío GRATIS en pedidos elegibles
Prima Marketing PTJ - Sophie tamaño Personal,4.5 de 5 estrellas,66,False,$480.89,False,True,Envío internacional GRATIS en pedidos mayores a $499 en productos internacionales elegibles
"Chamois Butt'r Eurostyle Crema antirozaduras para Carretera, Grava, Bicicleta de montaña, Tarro de 8 onzas, Ciclismo",4.6 de 5 estrellas,48,False,"$1,619.06",False,True,Envío GRATIS por Amazon México
"MEL BROS CO. - Matte Styling Pomade - Pomada acabado Mate EXTRA FIJACIÓN, apariencia sin brillo, matiza el cabello, moldea tu estilo. (4 oz / 118 ml)",4.5 de 5 estrellas,379,False,$274.00,False,False,Entrega GRATIS por Amazon
"Timotech Kit de peine, cepillo y tijeras para cabello, barba y bigote de madera, accesorios de aseo personal para hombre (Negro)",4.4 de 5 estrellas,76,False,$229.99,False,False,Entrega GRATIS por Amazon
"Triko Cortador y empujador de cuticula, pinzas para cortar cuticula, cuidado y belleza personal nivel profesional para manos y pies| Cortador y empujador de cutícula con mango ergonómico, alicate",4.7 de 5 estrellas,50,False,$219.99,False,False,Entrega GRATIS por Amazon
"Wahl Cortadora profesional de 5 estrellas, con cuchillas de precisión en forma de T para un corte extremo cercano, ideal para trabajos detallados, líneas nítidas, desvanecimiento de precisión, ideal para uso personal, barberos y estilistas.",4.3 de 5 estrellas,86,False,"$1,649.00",False,False,Envío GRATIS en pedidos elegibles
LumiSyne Bufanda De Seda Mujer Fulares Estampada Vintage Estilo Moda Elegante Chal Cuadrado Grande Estolas Protector Solar Pañuelo Bufanda De Cuello Toda La Temporada,4.4 de 5 estrellas,102,False,$341.99,False,False,Envío GRATIS en pedidos elegibles
LumiSyne Bufandas De Seda Suave Para Mujer Retro Impreso Patrón Geométrico Rayas Bufanda Suave Cálido Alta Calidad Estolas Largas Chal De Playa Durante Toda La Temporada,4.7 de 5 estrellas,494,False,$341.99,False,False,Envío GRATIS en pedidos elegibles
LumiSyne Primavera Nuevo Estilo Bufanda De Seda Gasa Mujer Elegante Bufanda De Color Sólido Tul Con Costuras De Seda Decoración De Cuentas Estola Largo Chales De Protección Solar,4.1 de 5 estrellas,107,False,$520.99,False,False,Envío GRATIS en pedidos elegibles
Nautica Money Manager RFID Womenââ‚¬â„¢s Wallet Clutch Organizer,4.6 de 5 estrellas,"1,062",False,$372.47,False,True,$85.15 de envío
"Black+Decker - Calentador de cerámica personal, talla única",4.5 de 5 estrellas,"4,942",False,$626.95,False,True,Envío internacional GRATIS
"Timotech Ganchos para Ropa, Abrigos y Accesorios personales para hogar y armarios 20 Piezas Color Negro de plastico | Ganchos de Ropa para Vestimenta, Trajes y Accesorios",4.4 de 5 estrellas,36,False,$379.99,False,True,Envío GRATIS por Amazon México
Assurant - 2 Años Cuidado Personal - Seguro de Daños accidentales $2000 - $2499.99,4.4 de 5 estrellas,31,False,$340.85,False,False,Envío GRATIS en pedidos elegibles
"DYMO 1749027 Letratag, LT100H, etiquetadora de Mano Personal",4.7 de 5 estrellas,"1,619",False,$624.62,False,False,$101.74 de envío
"Littryee Abrazadera de pestañas | Protector de pestañas portátil para aplicar pestañas - Herramienta para pestañas postizas Que Ahorra Tiempo para Aplicaciones personales de pestañas, esteticistas",3.6 de 5 estrellas,15,False,$82.69,False,False,$20.00 de envío
"Mace Brand PepperGuard - Spray de Pimienta de máxima Resistencia, Modelo de Bolsillo o Modelo de policía, Ideal para Defensa Personal, Color Negro",4.7 de 5 estrellas,"3,787",False,$535.35,False,False,$95.00 de envío
"Mingchen 100 piezas retro lindo diseño de calavera decorativa remache botones de metal fundición conchos botones personalidad, equipaje de cuero, accesorios de costura",4.4 de 5 estrellas,22,False,$240.66,False,True,$78.06 de envío
"Ricitos de Oro Kit de Viaje, 4 Piezas",4.9 de 5 estrellas,73,False,$149.00,False,False,Entrega GRATIS por Amazon
"Merry Expressions - Planificador diario con hojas sin fecha de 8.5 x 11 pulgadas, organizador de calendario, rastreador de productividad para objetivos, tareas, hábitos, ideas, notas, listas de tareas",4.5 de 5 estrellas,455,False,$317.73,False,True,$89.90 de envío
"DoorJammer DVRMFC - Cerradura de puerta portátil para seguridad en el hogar y protección personal, color rojo",3.7 de 5 estrellas,22,False,"$1,177.00",False,False,"$1,060.94"
"Vaultz Caja de seguridad personal con cierre, Negro/Cromo",4.5 de 5 estrellas,"9,160",False,"$1,000.75",False,False,$990.75
"Bycuss Collar de alerta médica personalizado, colgante de identificación de información médica de emergencia, rastreador de medicamentos para hombre, alerta médica para mujer",4.6 de 5 estrellas,20,False,$319.99,False,False,Envío GRATIS en pedidos elegibles
"Valm Silicone Based Personal Lubricant - Ultra Long Lasting - Sex Lube for Women, Men, and Couples - 8.5 Ounce Pump",4.6 de 5 estrellas,"5,525",False,$778.50,False,True,Envío GRATIS por Amazon México
Smoke Buddy Tie Die Yellow/Orange Assorted Personal Air Filter,4.6 de 5 estrellas,"2,420",False,$449.31,False,True,Envío GRATIS por Amazon México
"Arctic Air, Enfriador de Aire Personal y portatil",3.4 de 5 estrellas,"7,877",True,$449.00,False,False,Envío GRATIS en pedidos elegibles
Containers By Aline estuche de viaje para hombre color azul marino,4.5 de 5 estrellas,23,False,$310.00,False,True,Envío GRATIS por Amazon México
"Kegel - Productos de ejercicio para mujeres, músculo profesional del suelo pélvico, ejercitador de Kegel no manual y ejercicio de apriete de control de la vejiga, productos deportivos Kegel recomendados por médicos (gris)",2.9 de 5 estrellas,99,False,$460.86,False,True,$94.99 de envío
"Bolsas de eliminación personal femeninas, bolsas de eliminación de tampones de 5 x 8 pulgadas, paquete de 100 bolsas de eliminación discretas de sello opaco blanco para tampones, almohadillas sanitarias, revestimientos sanitarios (con bolsa de almacenamiento negra)",4.4 de 5 estrellas,45,False,$336.43,False,True,Envío internacional GRATIS en pedidos mayores a $499 en productos internacionales elegibles
"Cesta de regalo para mujer – Juego de 10 piezas de leche de almendras y miel de belleza y cuidado personal – Paquete de mimos de baño en casa para aliviar el estrés – Kit de cuidado personal de spa – Regalo de agradecimiento, cumpleaños, mamá, día del padre",4.4 de 5 estrellas,368,False,"$1,446.00",False,True,"$1,356.00"
"Botellas De Viaje Para cosméticos, Set De 11 Botellas De Viaje Líquidas Vacías, Juego De Viaje De Avión Para Champú, Protector Solar, Loción, Jabón, Artículos De Tocador, Acondicionadores",4.5 de 5 estrellas,74,False,$199.00,False,False,Entrega GRATIS por Amazon
"El Oso Lustroso, Café + Lustroso, Esponja lustradora para calzado Negro",4.6 de 5 estrellas,41,False,$79.40,False,False,Entrega GRATIS por Amazon
"Juego de llavero de seguridad para mujer, Juego de llavero de autodefensa, con alarma personal, soporte para lápiz labial, botella de viaje, borla y muñequera, alarma de seguridad personal",4.6 de 5 estrellas,270,False,$299.00,False,True,Envío GRATIS por Amazon México
"DENFANY - Vaporizador facial nano iónico con brazo extensible, brazo giratorio de 360°, vaporizador facial portátil para uso personal en casa o salón (azul)",4.4 de 5 estrellas,701,False,"$2,245.77",False,True,"$1,899.99"
"Lapcos Set de 5 Mascarillas Faciales Colageno . Lujoso Cuidado de la Piel con Colágeno que Rejuvenece y Restablece el Colágeno de la piel. Para cualquier tipo de Piel Facial. Salud, Belleza y Cuidado Personal.",4.6 de 5 estrellas,"1,765",True,$860.00,False,False,Envío GRATIS en pedidos elegibles
"Rochas, Agua fresca - 90 ml.",4.0 de 5 estrellas,2,False,$896.66,False,True,$884.00
Ofidosel Porta Notas Adhesivas con más de 500 Notas y Separadores. Organizador de Pendientes para Trabajo o Escuela. Notas adheribles con Banderitas Adhesivas. Agenda Personal. Task Notebook (Café),4.6 de 5 estrellas,"1,455",False,$219.99,False,False,Entrega GRATIS por Amazon
"Pinol Pinol Aromas Limpiador Multiusos Floral 2 L, color, 2 L, pack of/paquete de",4.8 de 5 estrellas,"1,483",False,$48.50,False,False,Entrega GRATIS por Amazon
"MATEIN Mochila de viaje aprobada por aerolíneas, mochila de transporte debajo del asiento para hombres y mujeres, mochila grande de 40 l con compartimento para portátil de 17 pulgadas y bolsa de zapatos para equipaje de vuelo de avión, artículo personal, negro",4.7 de 5 estrellas,191,False,"$1,073.67",False,True,$899.00
"Redlemon Neceser Organizador de Viaje para Hombre y Mujer, Para Artículos de Baño, Accesorios y Maquillaje, Bolsa de Aseo para Colgar, con Múltiples Compartimentos, Exterior Impermeable. Negro",4.6 de 5 estrellas,836,True,$263.00,False,False,Entrega GRATIS por Amazon
"Aloe Cadabra Lubricante personal saborizado para sexo oral, el mejor lubricante orgánico comestible para hombres, mujeres y parejas, piña colada, 2.5 onzas",4.3 de 5 estrellas,"5,951",False,$499.00,False,True,Envío GRATIS por Amazon México
"Lifetime 80251 Mesa Personal, 26""",4.8 de 5 estrellas,"10,318",False,$899.00,False,False,$699.00
"Holstein Housewares - Máquina para hacer gofres antiadherentes personal HH-09125016B, 4 pulgadas, negra",4.3 de 5 estrellas,"1,316",False,$350.96,False,True,Envío internacional GRATIS en pedidos mayores a $499 en productos internacionales elegibles
Ditmo Uniformes Pantalón 860 Unisex,4.1 de 5 estrellas,95,False,$375.00,False,True,Envío GRATIS por Amazon México
LumiSyne Bufanda De Primavera Mujer Niñas Suave y Delgado Fulares De Algodón Colores Mezclados Patrón De Alfabeto Geométrica Chales Estola Cálido De Moda,4.2 de 5 estrellas,35,False,$446.99,False,False,Envío GRATIS en pedidos elegibles
"Bolso de Pecho Antirrobo, Bolsa de Hombro Mochila Honda Hombre y Mujer Impermeable Multifuncional con Puerto de Carga USB y Puerto para Auriculares para Caminatas, Viajes,Trabajo (Gris)",4.0 de 5 estrellas,"1,016",False,$169.00,False,False,Entrega GRATIS por Amazon
"micsun Calcetines Invisibles para Mujer,Tenis Calcetas Antideslizantes de Corte Bajo,Calcetas Deportivas Algodon Transpirables,5 Pares",4.6 de 5 estrellas,"1,181",True,$269.00,True,False,Entrega GRATIS por Amazon
